policy,fields_per_side,samples,one_to_one,iterations,total_ms,us_per_match
none,16,false,false,30,13.484,449.463
empty,16,false,false,30,12.878,429.283
mixed-review,16,false,false,30,13.338,444.603
none,16,false,true,30,17.335,577.843
empty,16,false,true,30,17.963,598.760
mixed-review,16,false,true,30,18.648,621.613
none,16,true,false,30,18.195,606.507
empty,16,true,false,30,18.162,605.413
mixed-review,16,true,false,30,19.540,651.343
none,16,true,true,30,28.468,948.940
empty,16,true,true,30,24.478,815.943
mixed-review,16,true,true,30,25.668,855.593
none,64,false,false,10,51.153,5115.320
empty,64,false,false,10,51.110,5111.010
mixed-review,64,false,false,10,50.746,5074.650
none,64,false,true,10,66.455,6645.540
empty,64,false,true,10,70.925,7092.490
mixed-review,64,false,true,10,73.843,7384.290
none,64,true,false,10,66.585,6658.540
empty,64,true,false,10,65.484,6548.420
mixed-review,64,true,false,10,67.654,6765.400
none,64,true,true,10,75.408,7540.760
empty,64,true,true,10,76.233,7623.290
mixed-review,64,true,true,10,134.903,13490.300
none,128,false,false,5,100.035,20007.100
empty,128,false,false,5,95.946,19189.180
mixed-review,128,false,false,5,99.009,19801.760
none,128,false,true,5,179.326,35865.160
empty,128,false,true,5,166.791,33358.240
mixed-review,128,false,true,5,178.043,35608.600
none,128,true,false,5,135.831,27166.140
empty,128,true,false,5,130.643,26128.640
mixed-review,128,true,false,5,133.196,26639.280
none,128,true,true,5,193.923,38784.560
empty,128,true,true,5,178.439,35687.880
mixed-review,128,true,true,5,216.049,43209.820
