family,size,sources,targets,iterations,total_ms,us_per_match,proposed,confirmed,excluded,unmatched_sources,unmatched_targets,status,solves,work,alternatives,objective
dense-disabled,16,16,16,10,5.733400,573.340000,16,0,0,0,0,Disabled,0,0,0,none
dense-bounded,16,16,16,10,1.979000,197.900000,16,0,0,0,0,BudgetExhausted,2,16384,1,13.59999999999999609
sparse-complete,16,16,16,10,1.343800,134.380000,4,0,0,12,12,Complete,4,32768,0,3.39999999999999991
half-excluded-disabled,16,16,16,10,1.545700,154.570000,8,0,8,8,8,Disabled,0,0,0,none
all-excluded-complete,16,16,16,10,1.359300,135.930000,0,0,16,16,16,Complete,0,0,0,-0.00000000000000000
mixed-bounded,16,16,16,10,1.295000,129.500000,8,4,4,4,4,BudgetExhausted,2,16384,0,6.79999999999999893
reserved-complete,16,16,16,10,1.644100,164.410000,4,12,0,0,0,Complete,4,32768,0,3.39999999999999991
wide-complete,16,4,16,10,0.298500,29.850000,4,0,0,0,12,Complete,4,1280,0,3.39999999999999991
tall-bounded,16,16,4,10,0.450900,45.090000,4,0,0,12,0,BudgetExhausted,2,10240,0,3.39999999999999991
dense-disabled,64,64,64,4,31.380400,7845.100000,64,0,0,0,0,Disabled,0,0,0,none
dense-bounded,64,64,64,4,18.454300,4613.575000,64,0,0,0,0,BudgetExhausted,2,1048576,1,54.40000000000005542
sparse-complete,64,64,64,4,21.550000,5387.500000,4,0,0,60,60,Complete,4,2097152,0,3.39999999999999991
half-excluded-disabled,64,64,64,4,11.327400,2831.850000,32,0,32,32,32,Disabled,0,0,0,none
all-excluded-complete,64,64,64,4,14.290900,3572.725000,0,0,64,64,64,Complete,0,0,0,-0.00000000000000000
mixed-bounded,64,64,64,4,12.570900,3142.725000,32,16,16,16,16,BudgetExhausted,2,1048576,0,27.20000000000001350
reserved-complete,64,64,64,4,25.901100,6475.275000,4,60,0,0,0,Complete,4,2097152,0,3.39999999999999991
wide-complete,64,16,64,4,2.154400,538.600000,4,0,0,12,60,Complete,4,81920,0,3.39999999999999991
tall-bounded,64,64,16,4,6.362300,1590.575000,4,0,0,60,12,BudgetExhausted,2,655360,0,3.39999999999999991
dense-disabled,128,128,128,2,104.368100,52184.050000,128,0,0,0,0,Disabled,0,0,0,none
dense-bounded,128,128,128,2,66.520700,33260.350000,128,0,0,0,0,BudgetExhausted,2,8388608,1,108.79999999999976978
sparse-complete,128,128,128,2,80.389300,40194.650000,4,0,0,124,124,Complete,4,16777216,0,3.39999999999999991
half-excluded-disabled,128,128,128,2,26.918200,13459.100000,64,0,64,64,64,Disabled,0,0,0,none
all-excluded-complete,128,128,128,2,37.443200,18721.600000,0,0,128,128,128,Complete,0,0,0,-0.00000000000000000
mixed-bounded,128,128,128,2,31.648700,15824.350000,64,32,32,32,32,BudgetExhausted,2,8388608,0,54.40000000000005542
reserved-complete,128,128,128,2,87.183500,43591.750000,4,124,0,0,0,Complete,4,16777216,0,3.39999999999999991
wide-complete,128,32,128,2,5.502300,2751.150000,4,0,0,28,124,Complete,4,655360,0,3.39999999999999991
tall-bounded,128,128,32,2,21.937500,10968.750000,4,0,0,124,28,BudgetExhausted,2,5242880,0,3.39999999999999991
