fixture,source_count,target_count,mode,max_solves,max_work,status,solves_used,work_used,witnesses,base_objective,iteration,elapsed_ns,warmup_calls,measured_calls,debug_assertions,crate_version,target_os,target_arch
dense_equal,16,16,disabled,0,8388608,Disabled,0,0,0,,1,198800,1,3,false,0.1.0,windows,x86_64
dense_equal,16,16,disabled,0,8388608,Disabled,0,0,0,,2,177800,1,3,false,0.1.0,windows,x86_64
dense_equal,16,16,disabled,0,8388608,Disabled,0,0,0,,3,226700,1,3,false,0.1.0,windows,x86_64
dense_equal,16,16,one_probe_budget,16,8192,BudgetExhausted,1,8192,1,14.400000000000004,1,223400,1,3,false,0.1.0,windows,x86_64
dense_equal,16,16,one_probe_budget,16,8192,BudgetExhausted,1,8192,1,14.400000000000004,2,249000,1,3,false,0.1.0,windows,x86_64
dense_equal,16,16,one_probe_budget,16,8192,BudgetExhausted,1,8192,1,14.400000000000004,3,224700,1,3,false,0.1.0,windows,x86_64
dense_equal,16,16,default_work_budget,16,8388608,Complete,16,131072,15,14.400000000000004,1,555800,1,3,false,0.1.0,windows,x86_64
dense_equal,16,16,default_work_budget,16,8388608,Complete,16,131072,15,14.400000000000004,2,649900,1,3,false,0.1.0,windows,x86_64
dense_equal,16,16,default_work_budget,16,8388608,Complete,16,131072,15,14.400000000000004,3,844800,1,3,false,0.1.0,windows,x86_64
dense_equal,16,16,complete,16,131072,Complete,16,131072,15,14.400000000000004,1,568800,1,3,false,0.1.0,windows,x86_64
dense_equal,16,16,complete,16,131072,Complete,16,131072,15,14.400000000000004,2,619000,1,3,false,0.1.0,windows,x86_64
dense_equal,16,16,complete,16,131072,Complete,16,131072,15,14.400000000000004,3,591000,1,3,false,0.1.0,windows,x86_64
dense_equal,64,64,disabled,0,8388608,Disabled,0,0,0,,1,4563100,1,3,false,0.1.0,windows,x86_64
dense_equal,64,64,disabled,0,8388608,Disabled,0,0,0,,2,4717200,1,3,false,0.1.0,windows,x86_64
dense_equal,64,64,disabled,0,8388608,Disabled,0,0,0,,3,4055700,1,3,false,0.1.0,windows,x86_64
dense_equal,64,64,one_probe_budget,64,524288,BudgetExhausted,1,524288,1,57.59999999999994,1,5141800,1,3,false,0.1.0,windows,x86_64
dense_equal,64,64,one_probe_budget,64,524288,BudgetExhausted,1,524288,1,57.59999999999994,2,5263400,1,3,false,0.1.0,windows,x86_64
dense_equal,64,64,one_probe_budget,64,524288,BudgetExhausted,1,524288,1,57.59999999999994,3,5675200,1,3,false,0.1.0,windows,x86_64
dense_equal,64,64,default_work_budget,64,8388608,BudgetExhausted,16,8388608,15,57.59999999999994,1,24298100,1,3,false,0.1.0,windows,x86_64
dense_equal,64,64,default_work_budget,64,8388608,BudgetExhausted,16,8388608,15,57.59999999999994,2,24442400,1,3,false,0.1.0,windows,x86_64
dense_equal,64,64,default_work_budget,64,8388608,BudgetExhausted,16,8388608,15,57.59999999999994,3,25953200,1,3,false,0.1.0,windows,x86_64
dense_equal,64,64,complete,64,33554432,Complete,64,33554432,63,57.59999999999994,1,94010500,1,3,false,0.1.0,windows,x86_64
dense_equal,64,64,complete,64,33554432,Complete,64,33554432,63,57.59999999999994,2,114959800,1,3,false,0.1.0,windows,x86_64
dense_equal,64,64,complete,64,33554432,Complete,64,33554432,63,57.59999999999994,3,89797300,1,3,false,0.1.0,windows,x86_64
dense_equal,128,128,disabled,0,8388608,Disabled,0,0,0,,1,27453000,1,3,false,0.1.0,windows,x86_64
dense_equal,128,128,disabled,0,8388608,Disabled,0,0,0,,2,23160200,1,3,false,0.1.0,windows,x86_64
dense_equal,128,128,disabled,0,8388608,Disabled,0,0,0,,3,21661300,1,3,false,0.1.0,windows,x86_64
dense_equal,128,128,one_probe_budget,128,4194304,BudgetExhausted,1,4194304,1,115.20000000000024,1,30627800,1,3,false,0.1.0,windows,x86_64
dense_equal,128,128,one_probe_budget,128,4194304,BudgetExhausted,1,4194304,1,115.20000000000024,2,30334100,1,3,false,0.1.0,windows,x86_64
dense_equal,128,128,one_probe_budget,128,4194304,BudgetExhausted,1,4194304,1,115.20000000000024,3,30543400,1,3,false,0.1.0,windows,x86_64
dense_equal,128,128,default_work_budget,128,8388608,BudgetExhausted,2,8388608,1,115.20000000000024,1,45810600,1,3,false,0.1.0,windows,x86_64
dense_equal,128,128,default_work_budget,128,8388608,BudgetExhausted,2,8388608,1,115.20000000000024,2,41930100,1,3,false,0.1.0,windows,x86_64
dense_equal,128,128,default_work_budget,128,8388608,BudgetExhausted,2,8388608,1,115.20000000000024,3,40791000,1,3,false,0.1.0,windows,x86_64
dense_equal,128,128,complete,128,536870912,Complete,128,536870912,127,115.20000000000024,1,1333104500,1,3,false,0.1.0,windows,x86_64
dense_equal,128,128,complete,128,536870912,Complete,128,536870912,127,115.20000000000024,2,961204500,1,3,false,0.1.0,windows,x86_64
dense_equal,128,128,complete,128,536870912,Complete,128,536870912,127,115.20000000000024,3,998199200,1,3,false,0.1.0,windows,x86_64
dense_equal,128,64,disabled,0,8388608,Disabled,0,0,0,,1,9033600,1,3,false,0.1.0,windows,x86_64
dense_equal,128,64,disabled,0,8388608,Disabled,0,0,0,,2,8864200,1,3,false,0.1.0,windows,x86_64
dense_equal,128,64,disabled,0,8388608,Disabled,0,0,0,,3,9611000,1,3,false,0.1.0,windows,x86_64
dense_equal,128,64,one_probe_budget,128,3145728,BudgetExhausted,1,3145728,1,57.59999999999994,1,13967300,1,3,false,0.1.0,windows,x86_64
dense_equal,128,64,one_probe_budget,128,3145728,BudgetExhausted,1,3145728,1,57.59999999999994,2,14267000,1,3,false,0.1.0,windows,x86_64
dense_equal,128,64,one_probe_budget,128,3145728,BudgetExhausted,1,3145728,1,57.59999999999994,3,14013400,1,3,false,0.1.0,windows,x86_64
dense_equal,128,64,default_work_budget,128,8388608,BudgetExhausted,2,6291456,1,57.59999999999994,1,19173000,1,3,false,0.1.0,windows,x86_64
dense_equal,128,64,default_work_budget,128,8388608,BudgetExhausted,2,6291456,1,57.59999999999994,2,18321400,1,3,false,0.1.0,windows,x86_64
dense_equal,128,64,default_work_budget,128,8388608,BudgetExhausted,2,6291456,1,57.59999999999994,3,18647000,1,3,false,0.1.0,windows,x86_64
dense_equal,128,64,complete,128,201326592,Complete,64,201326592,63,57.59999999999994,1,344180700,1,3,false,0.1.0,windows,x86_64
dense_equal,128,64,complete,128,201326592,Complete,64,201326592,63,57.59999999999994,2,322895900,1,3,false,0.1.0,windows,x86_64
dense_equal,128,64,complete,128,201326592,Complete,64,201326592,63,57.59999999999994,3,375147300,1,3,false,0.1.0,windows,x86_64
dense_equal,64,128,disabled,0,8388608,Disabled,0,0,0,,1,6095400,1,3,false,0.1.0,windows,x86_64
dense_equal,64,128,disabled,0,8388608,Disabled,0,0,0,,2,6440600,1,3,false,0.1.0,windows,x86_64
dense_equal,64,128,disabled,0,8388608,Disabled,0,0,0,,3,6487700,1,3,false,0.1.0,windows,x86_64
dense_equal,64,128,one_probe_budget,64,786432,BudgetExhausted,1,786432,1,57.59999999999994,1,7181200,1,3,false,0.1.0,windows,x86_64
dense_equal,64,128,one_probe_budget,64,786432,BudgetExhausted,1,786432,1,57.59999999999994,2,7892500,1,3,false,0.1.0,windows,x86_64
dense_equal,64,128,one_probe_budget,64,786432,BudgetExhausted,1,786432,1,57.59999999999994,3,7664400,1,3,false,0.1.0,windows,x86_64
dense_equal,64,128,default_work_budget,64,8388608,BudgetExhausted,10,7864320,9,57.59999999999994,1,23746000,1,3,false,0.1.0,windows,x86_64
dense_equal,64,128,default_work_budget,64,8388608,BudgetExhausted,10,7864320,9,57.59999999999994,2,23824500,1,3,false,0.1.0,windows,x86_64
dense_equal,64,128,default_work_budget,64,8388608,BudgetExhausted,10,7864320,9,57.59999999999994,3,24468100,1,3,false,0.1.0,windows,x86_64
dense_equal,64,128,complete,64,50331648,Complete,64,50331648,63,57.59999999999994,1,107686800,1,3,false,0.1.0,windows,x86_64
dense_equal,64,128,complete,64,50331648,Complete,64,50331648,63,57.59999999999994,2,137540900,1,3,false,0.1.0,windows,x86_64
dense_equal,64,128,complete,64,50331648,Complete,64,50331648,63,57.59999999999994,3,105332100,1,3,false,0.1.0,windows,x86_64
