engine,fields_per_side,samples,one_to_one,iterations,total_ms,us_per_match
combined,16,false,false,30,19.515,650.507
sample-supported,16,false,false,30,17.631,587.687
name-only,16,false,false,30,11.720,390.683
combined,16,false,true,30,23.680,789.320
sample-supported,16,false,true,30,28.263,942.100
name-only,16,false,true,30,14.022,467.397
combined,16,true,false,30,22.759,758.633
sample-supported,16,true,false,30,24.992,833.063
name-only,16,true,false,30,11.868,395.603
combined,16,true,true,30,28.715,957.177
sample-supported,16,true,true,30,34.163,1138.777
name-only,16,true,true,30,14.714,490.473
combined,64,false,false,10,66.625,6662.490
sample-supported,64,false,false,10,74.050,7405.020
name-only,64,false,false,10,48.204,4820.400
combined,64,false,true,10,153.570,15356.950
sample-supported,64,false,true,10,130.373,13037.290
name-only,64,false,true,10,55.013,5501.320
combined,64,true,false,10,104.252,10425.220
sample-supported,64,true,false,10,98.830,9882.990
name-only,64,true,false,10,62.014,6201.400
combined,64,true,true,10,128.040,12804.030
sample-supported,64,true,true,10,126.054,12605.370
name-only,64,true,true,10,52.185,5218.530
combined,128,false,false,5,140.904,28180.800
sample-supported,128,false,false,5,142.796,28559.240
name-only,128,false,false,5,93.672,18734.480
combined,128,false,true,5,223.677,44735.440
sample-supported,128,false,true,5,288.171,57634.240
name-only,128,false,true,5,110.877,22175.420
combined,128,true,false,5,171.194,34238.760
sample-supported,128,true,false,5,188.827,37765.400
name-only,128,true,false,5,92.324,18464.840
combined,128,true,true,5,247.586,49517.200
sample-supported,128,true,true,5,335.527,67105.440
name-only,128,true,true,5,153.182,30636.380
